c.client_id,l.status,l.amount,l.payments,"d.type_""DISPONENT""","d.type_""OWNER""","a.frequency_""POPLATEK MESICNE""","a.frequency_""POPLATEK PO OBRATU""","a.frequency_""POPLATEK TYDNE"""
6367,"""A""",-0.6300872925764577,-0.4083744527703485,0,1,1,0,0
13845,"""A""",-0.8641655997783468,0.0749292687391713,0,1,1,0,0
12754,"""A""",-1.1335389358513934,-1.6179737853468545,0,1,1,0,0
12755,"""A""",-1.1335389358513934,-1.6179737853468545,1,0,1,0,0
4620,"""A""",-1.1236940316558777,-1.0319345222964942,0,1,1,0,0
4621,"""A""",-1.1236940316558777,-1.0319345222964942,1,0,1,0,0
11461,"""A""",-0.9591584519627377,-0.33020610594579586,0,1,1,0,0
7127,"""A""",-0.7559763866510307,0.5363458531378164,0,1,1,0,0
7815,"""B""",-0.6536522228316815,0.9727485665526046,0,1,1,0,0
2235,"""A""",-0.40145510258910916,-0.5772180819113822,0,1,1,0,0
11409,"""A""",-0.9794766584939084,-0.4168613018541571,0,1,1,0,0
9945,"""A""",0.49327911594589713,0.048575368952607834,0,1,0,0,1
9946,"""A""",0.49327911594589713,0.048575368952607834,1,0,0,0,1
6789,"""A""",-0.6003431139431975,1.2001067867451605,0,1,1,0,0
9593,"""A""",-0.8736963049037929,-0.927858951952947,0,1,1,0,0
11314,"""A""",-0.2157634521779461,-0.9439392975854264,0,1,1,0,0
976,"""A""",-1.11269706420344,-0.9850335142017627,0,1,1,0,0
2181,"""A""",0.12357154349727575,0.16917796119620335,0,1,1,0,0
13539,"""A""",1.072976400224401,0.1553309969015683,0,1,0,0,1
5965,"""A""",-0.06892775343206306,0.7882712680466604,0,1,1,0,0
2,"""A""",-0.6183571939605241,-0.3833605817864917,0,1,1,0,0
3,"""A""",-0.6183571939605241,-0.3833605817864917,1,0,1,0,0
9173,"""A""",-0.6183571939605241,-0.3833605817864917,0,1,1,0,0
9174,"""A""",-0.6183571939605241,-0.3833605817864917,1,0,1,0,0
3001,"""A""",-1.1109166028063786,-0.9774400176530917,0,1,1,0,0
7914,"""A""",0.5288883438871241,0.7453903463600485,0,1,0,0,1
3251,"""A""",-0.5251448031731947,1.5208203468596109,0,1,1,0,0
3252,"""A""",-0.5251448031731947,1.5208203468596109,1,0,1,0,0
4428,"""A""",-1.1186668465347633,-1.0104940614531883,0,1,1,0,0
11866,"""A""",-0.6579462767893001,-0.4677823963570085,0,1,1,0,0
11867,"""A""",-0.6579462767893001,-0.4677823963570085,1,0,1,0,0
8091,"""A""",-0.492258633839238,-0.7063075232387863,0,1,0,0,1
9226,"""A""",-0.8416479997566887,-0.8595174830149095,0,1,1,0,0
7291,"""B""",2.729329164608239,1.5681680312219113,0,1,0,0,1
13603,"""A""",-0.7195292945229514,-1.2445524256592775,0,1,1,0,0
3335,"""A""",-0.35275424672831346,0.18302492549083837,0,1,1,0,0
6567,"""B""",0.20023611659427032,1.3622502718726612,0,1,1,0,0
2166,"""B""",-0.48356579290064433,1.698150825084453,0,1,0,0,1
10198,"""A""",0.6354018286407354,0.8968136010658962,0,1,1,0,0
10199,"""A""",0.6354018286407354,0.8968136010658962,1,0,1,0,0
4433,"""D""",1.4343053308044984,0.46353762152409017,0,1,1,0,0
11574,"""A""",-0.2698056922299259,-0.39006072580002477,0,1,0,0,1
10287,"""A""",-1.2580665006223313,-1.7475099029418275,0,1,1,0,0
10288,"""A""",-1.2580665006223313,-1.7475099029418275,1,0,1,0,0
7753,"""A""",-1.004717317122837,-0.5245102823382553,0,1,1,0,0
2719,"""C""",1.7119525757227123,1.3479566313104572,0,1,1,0,0
10510,"""A""",-0.6730278321526432,0.8901134570523632,0,1,1,0,0
10511,"""A""",-0.6730278321526432,0.8901134570523632,1,0,1,0,0
10275,"""C""",-0.5477671362182095,-1.2271320512240913,0,1,1,0,0
10276,"""C""",-0.5477671362182095,-1.2271320512240913,1,0,1,0,0
6551,"""B""",0.20023611659427032,1.3622502718726612,0,1,1,0,0
8598,"""A""",-0.9145421840128474,-0.13992201596145626,0,1,0,1,0
13201,"""A""",-0.31253676575939826,-0.45080869818939134,0,1,0,0,1
9236,"""A""",-0.7723147382946526,-1.3008336353729553,0,1,1,0,0
13490,"""A""",0.0228183750282747,-0.45304207952723574,0,1,0,0,1
1404,"""A""",-0.024102019435459678,-0.5030698214949494,0,1,1,0,0
7299,"""A""",-1.2224572726811043,-1.6715749374551192,0,1,1,0,0
12432,"""A""",-0.2610081182679757,0.37866913068600444,0,1,1,0,0
6417,"""C""",1.299199730674549,0.34829514449132115,0,1,1,0,0
12396,"""C""",0.13352118071614802,-0.6460062271169885,0,1,1,0,0
12397,"""C""",0.13352118071614802,-0.6460062271169885,1,0,1,0,0
3687,"""A""",-0.601390444176763,1.1956400240694718,0,1,1,0,0
3688,"""A""",-0.601390444176763,1.1956400240694718,1,0,1,0,0
1944,"""A""",-0.6359523418844245,1.048236855771744,0,1,1,0,0
1286,"""C""",0.884980623299394,-0.005025783155656842,0,1,0,0,1
946,"""B""",0.4916033875721923,0.04678866388233234,0,1,1,0,0
10200,"""A""",-0.5582404385538644,-0.25516449299422533,0,1,1,0,0
10201,"""A""",-0.5582404385538644,-0.25516449299422533,1,0,1,0,0
13657,"""A""",-0.3810321630345819,-0.5481841245194056,0,1,1,0,0
13658,"""A""",-0.3810321630345819,-0.5481841245194056,1,0,1,0,0
11804,"""A""",-0.41098580771455523,0.058848923106691896,0,1,1,0,0
12095,"""A""",-0.2199527731122081,0.4662176791295034,0,1,1,0,0
6499,"""C""",-0.02148369385154593,-0.7782224023173747,0,1,0,0,1
3705,"""A""",-1.1903042345106434,-1.3160206284702969,0,1,1,0,0
13412,"""A""",-0.17900216097979707,-0.26097128447262063,0,1,0,0,1
3576,"""A""",-1.052161376703354,-0.7268546315469544,0,1,1,0,0
5366,"""A""",0.35733565162909525,0.5015051042674443,0,1,1,0,0
5367,"""A""",0.35733565162909525,0.5015051042674443,1,0,1,0,0
5517,"""A""",1.2952198757870002,1.834833762960528,0,1,1,0,0
2635,"""B""",1.285479704614841,1.820986798665893,0,1,1,0,0
5337,"""A""",-0.5584499046005775,1.3787772937727094,0,1,1,0,0
5338,"""A""",-0.5584499046005775,1.3787772937727094,1,0,1,0,0
1505,"""D""",-0.4547642114775931,-0.9622530245557501,0,1,1,0,0
12625,"""B""",-0.6648586563308323,-0.4825227131867813,0,1,1,0,0
2403,"""A""",0.4660485298731941,0.6560550928462742,0,1,0,0,1
11195,"""C""",0.32727727392576544,-0.4807360081165058,0,1,1,0,0
3542,"""C""",1.0536007909034393,0.13880397500152003,0,1,1,0,0
3543,"""C""",1.0536007909034393,0.13880397500152003,1,0,1,0,0
5911,"""A""",-0.30352972575073495,0.28799384836952335,0,1,1,0,0
6178,"""A""",1.4982972080753505,1.1201517348503325,0,1,1,0,0
6317,"""A""",0.19206694077245942,1.3448298974374753,0,1,0,1,0
6318,"""A""",0.19206694077245942,1.3448298974374753,1,0,0,1,0
10043,"""A""",-0.672608900059217,-0.962699700823319,0,1,1,0,0
11126,"""A""",-0.9919398882733378,-0.47001577769485287,0,1,1,0,0
6301,"""A""",-1.1972166140521758,-1.3455012621298426,0,1,1,0,0
10095,"""A""",-0.6236985781517081,1.100497979077302,0,1,1,0,0
10096,"""A""",-0.6236985781517081,1.100497979077302,1,0,1,0,0
3264,"""A""",-0.5054549947821633,-0.725067926476679,0,1,0,1,0
11662,"""A""",-1.007230909683394,-0.5352305127599082,0,1,0,0,1
9915,"""A""",-0.6472635084069319,0.9999958188743058,0,1,0,0,1
12695,"""A""",0.9420601210287137,0.04366193000935024,0,1,1,0,0
6895,"""D""",-0.41999284772321854,-1.1181430419372866,0,1,1,0,0
7576,"""A""",-0.5624297594881265,-0.26409801834560276,0,1,1,0,0
12102,"""A""",-0.4727782914949197,1.7441584806440469,0,1,1,0,0
7521,"""C""",2.1543448663807796,1.0777174894312895,0,1,0,0,1
4377,"""C""",0.060731729483345785,-0.7080942283090618,0,1,1,0,0
9273,"""A""",-0.5289151920140305,-0.1926298155345832,0,1,1,0,0
9274,"""A""",-0.5289151920140305,-0.1926298155345832,1,0,1,0,0
9670,"""C""",-1.1430696409768395,-1.6961421321714072,0,1,1,0,0
7683,"""A""",-1.1720806884466037,-1.2382989579133132,0,1,1,0,0
9715,"""A""",-0.7304215289520326,0.6453348624246212,0,1,1,0,0
980,"""A""",-0.9005079588830697,-0.9850335142017627,0,1,1,0,0
2623,"""A""",0.16106596585892063,1.2787218098372821,0,1,1,0,0
3829,"""D""",0.22641937243340782,-0.2359574134887638,0,1,1,0,0
13548,"""B""",0.14996426538312635,1.255047967656132,0,1,1,0,0
6616,"""A""",0.5008198936275687,0.05661554176884753,0,1,1,0,0
11372,"""A""",-0.5689232069362326,1.3341096670158221,0,1,1,0,0
12144,"""C""",1.5688872658176651,0.5783334222892903,0,1,1,0,0
12145,"""C""",1.5688872658176651,0.5783334222892903,1,0,1,0,0
7286,"""A""",-1.0783446325424915,-1.364261665367735,0,1,1,0,0
7311,"""B""",1.089733683961449,1.5427074839704855,0,1,1,0,0
1327,"""B""",0.3556599232553905,1.6936840624087643,0,1,0,0,1
12859,"""D""",2.890094355460543,1.705297645365555,0,1,1,0,0
9973,"""B""",-0.8944334435283898,-0.05416017258823279,0,1,0,1,0
9418,"""A""",-1.0479720557690921,-1.2994936065702487,0,1,1,0,0
9419,"""A""",-1.0479720557690921,-1.2994936065702487,1,0,1,0,0
8677,"""C""",-0.7718958062012263,-1.4183094937435687,0,1,1,0,0
8678,"""C""",-0.7718958062012263,-1.4183094937435687,1,0,1,0,0
7195,"""A""",-0.09217848461721716,0.7386902023465155,0,1,1,0,0
8366,"""A""",-1.0984533730269492,-1.4071425870543468,0,1,1,0,0
10459,"""A""",-1.1409749805097085,-1.497817869370828,0,1,1,0,0
5320,"""A""",-0.4763392142890424,-0.08051407237479626,0,1,1,0,0
5321,"""A""",-0.4763392142890424,-0.08051407237479626,1,0,1,0,0
10563,"""A""",-0.6556421502754559,-0.46286895741375095,0,1,1,0,0
10564,"""A""",-0.6556421502754559,-0.46286895741375095,1,0,1,0,0
13447,"""A""",0.4010093223687766,0.5635931054595176,0,1,1,0,0
13448,"""A""",0.4010093223687766,0.5635931054595176,1,0,1,0,0
11497,"""A""",-0.8699259160629571,-0.9198187791367073,0,1,1,0,0
12844,"""C""",-0.8012210527410604,-1.4433233647274255,0,1,1,0,0
8105,"""D""",-0.12150373115705114,-0.8635375694230294,0,1,0,0,1
8610,"""A""",-0.9000890267896435,-1.2860933185431824,0,1,1,0,0
8611,"""A""",-0.9000890267896435,-1.2860933185431824,1,0,1,0,0
10475,"""A""",0.9907609768895094,1.4020044596862908,0,1,1,0,0
10476,"""A""",0.9907609768895094,1.4020044596862908,1,0,1,0,0
1029,"""C""",-0.5636865557684051,-1.0783888541236568,0,1,1,0,0
2195,"""C""",0.7650613115561442,-0.10731464842892859,0,1,1,0,0
11063,"""A""",0.6639939440170736,0.9374611414146636,0,1,1,0,0
11064,"""A""",0.6639939440170736,0.9374611414146636,1,0,1,0,0
9611,"""A""",0.38645143212221617,-0.0653270792774546,0,1,1,0,0
10566,"""B""",0.6844168835716008,0.9664950988066403,0,1,1,0,0
13687,"""A""",0.2690457129395237,0.3759890730805912,0,1,1,0,0
9933,"""A""",-0.09950979625217565,-0.14796218877769596,0,1,1,0,0
5134,"""C""",0.809572846482678,-0.06934716568557445,0,1,1,0,0
3414,"""C""",-0.8844838063095176,-1.5143448912708763,0,1,1,0,0
2834,"""C""",0.4178713391291811,-0.40346101382709093,0,1,1,0,0
6349,"""A""",0.36801842001146334,0.5166920973647859,0,1,0,1,0
4916,"""C""",0.06261692390376368,-0.41060783410819285,0,1,1,0,0
4056,"""A""",-1.2814219648308418,-1.7046289812552158,0,1,1,0,0
9844,"""A""",-0.7012010154355551,0.7699575410763365,0,1,1,0,0
9845,"""A""",-0.7012010154355551,0.7699575410763365,1,0,1,0,0
10636,"""A""",-0.9120285914522902,-1.0096007089180505,0,1,1,0,0
11886,"""A""",-0.10705057393384725,0.7069761873491256,0,1,1,0,0
5224,"""A""",-0.8762098974643501,-0.9332190671637735,0,1,1,0,0
1851,"""B""",0.10691899278358431,0.1455041190150531,0,1,0,1,0
10350,"""C""",2.315110057233084,1.2148471035749333,0,1,1,0,0
10351,"""C""",2.315110057233084,1.2148471035749333,1,0,1,0,0
7241,"""A""",-0.792004546685684,-1.3218274199486924,0,1,1,0,0
12843,"""A""",-0.0021080845305841878,0.9307609974011306,0,1,1,0,0
13260,"""A""",-0.9254344184419286,-0.18637634778861897,0,1,0,0,1
210,"""A""",-0.41014794352770284,2.0112708886502326,0,1,1,0,0
211,"""A""",-0.41014794352770284,2.0112708886502326,1,0,1,0,0
9702,"""A""",-0.5255637352666209,-0.18548299525348125,0,1,1,0,0
7672,"""C""",-0.6273642339691874,-1.29502684389456,0,1,1,0,0
7166,"""B""",-0.5636865557684051,-1.0783888541236568,0,1,1,0,0
2922,"""A""",-0.4886977110451153,1.6762636879735784,0,1,1,0,0
12464,"""B""",0.5549668667029051,0.782464476568265,0,1,1,0,0
512,"""D""",0.8750309860805217,-0.013512632239465415,0,1,1,0,0
421,"""C""",-0.44355777797844226,-1.1382434739778857,0,1,1,0,0
352,"""A""",-0.24529816476449318,-0.738914890771314,0,1,1,0,0
13113,"""A""",0.9445737135892709,1.3363430483536667,0,1,1,0,0
2136,"""A""",0.8408880204662864,1.1889398800559388,0,1,1,0,0
424,"""B""",0.3091584608850823,1.5945219310084748,0,1,1,0,0
7422,"""A""",-0.8033157132081914,-0.7777757260498058,0,1,1,0,0
7423,"""A""",-0.8033157132081914,-0.7777757260498058,1,0,1,0,0
5760,"""C""",2.7341468836826404,2.4378467241785056,0,1,1,0,0
5761,"""C""",2.7341468836826404,2.4378467241785056,1,0,1,0,0
5318,"""C""",0.6063907811709711,0.16917796119620335,0,1,0,0,1
5319,"""C""",0.6063907811709711,0.16917796119620335,1,0,0,0,1
11208,"""A""",0.17698538540911624,-0.28866521306189075,0,1,1,0,0
5928,"""C""",-0.4623049891592647,-0.9702931973719898,0,1,1,0,0
7814,"""A""",-0.9481614845102999,-0.2833050978510643,0,1,1,0,0
2853,"""A""",0.042508183419306095,0.0539354841634343,0,1,1,0,0
10555,"""C""",1.1918483817340852,0.2567265096397023,0,1,0,1,0
7390,"""B""",1.0372624392598175,1.468112547286484,0,1,0,0,1
981,"""C""",3.3750082536013695,2.1189198691343307,0,1,1,0,0
2700,"""C""",0.29805676040928797,-0.15957577173448664,0,1,1,0,0
4584,"""A""",-0.7728384034114353,0.4644309740592279,0,1,1,0,0
5133,"""A""",-0.6298778265297447,-0.4079277765027796,0,1,1,0,0
1516,"""A""",-0.7046572052063212,-1.008260680115344,0,1,1,0,0
1663,"""A""",-0.9292048072827644,-1.046228162858698,0,1,1,0,0
4520,"""A""",-0.6582604758593696,0.9530948107795741,0,1,1,0,0
10382,"""C""",0.9986159536412507,0.09190296690678844,0,1,1,0,0
12003,"""D""",-0.0006418222035924883,-0.47805595051109256,0,1,1,0,0
9675,"""B""",0.33073346369653156,1.6405295865680687,0,1,1,0,0
3013,"""C""",0.11624023186231726,-0.6607465439467614,0,1,1,0,0
3014,"""C""",0.11624023186231726,-0.6607465439467614,1,0,1,0,0
11794,"""A""",-0.41098580771455523,0.058848923106691896,0,1,0,0,1
11795,"""A""",-0.41098580771455523,0.058848923106691896,1,0,0,0,1
2698,"""A""",-0.5134147045572611,-0.15957577173448664,0,1,0,0,1
2699,"""A""",-0.5134147045572611,-0.15957577173448664,1,0,0,0,1
3670,"""D""",1.1004164523438171,1.5578944770678271,0,1,1,0,0
8359,"""C""",0.37597812978656114,-0.0764939859666764,0,1,1,0,0
10269,"""A""",-0.14852485118304104,0.6185342863704888,0,1,1,0,0
5826,"""A""",-1.1381471888790815,-1.0935758472209987,0,1,1,0,0
5827,"""A""",-1.1381471888790815,-1.0935758472209987,1,0,1,0,0
13451,"""C""",1.4201663726513643,0.4514773622997306,0,1,0,0,1
6798,"""C""",0.6425236742289808,-0.21183689504004471,0,1,1,0,0
10479,"""C""",-0.5755213874076952,-1.2508058934052415,0,1,1,0,0
12416,"""A""",0.6972990454444564,0.9848088257769642,0,1,0,0,1
12417,"""A""",0.6972990454444564,0.9848088257769642,1,0,0,0,1
1216,"""A""",-0.4679605724205184,-0.06264702167204136,0,1,1,0,0
9606,"""A""",-1.0806487590563356,-0.8483505763256877,0,1,0,0,1
6731,"""A""",-0.9353840556608009,-0.22881059320766184,0,1,0,0,1
11851,"""C""",0.8078971181089731,0.3840292458968309,0,1,0,1,0
8130,"""A""",-0.9940345487404688,-0.47894930304623035,0,1,1,0,0
3519,"""C""",1.9930560104116926,0.9401411990200769,0,1,1,0,0
6034,"""D""",-0.19911090146425467,-0.28955856559702847,0,1,0,0,1
3763,"""C""",-0.24948748569875517,-0.7433816534470027,0,1,1,0,0
3764,"""C""",-0.24948748569875517,-0.7433816534470027,1,0,1,0,0
10818,"""C""",-1.0282822473780606,-1.5737528348575363,0,1,1,0,0
5521,"""A""",-1.1484110251680235,-1.137350121442748,0,1,1,0,0
9316,"""A""",1.1927909789442943,1.6892172997330757,0,1,1,0,0
4352,"""C""",0.08461085880863918,0.11379010401766318,0,1,0,0,1
11093,"""C""",0.30182714925012377,-0.1555556853263668,0,1,0,0,1
9346,"""A""",-0.9587395198693115,-0.32841940087552035,0,1,1,0,0
2141,"""C""",-1.0625299460156525,-1.6662148222442927,0,1,1,0,0
10963,"""C""",-0.23094974056464584,-0.9568929093449237,0,1,0,0,1
13968,"""A""",-0.8533780983726222,0.12093692429876514,0,1,1,0,0
10040,"""A""",0.03559580387777379,1.0111627255635276,0,1,1,0,0
10041,"""A""",0.03559580387777379,1.0111627255635276,1,0,1,0,0
78,"""A""",0.12357154349727575,1.198766757942454,0,1,1,0,0
6544,"""C""",1.8946069684565354,0.8561660607171289,0,1,1,0,0
6545,"""C""",1.8946069684565354,0.8561660607171289,1,0,1,0,0
2422,"""B""",-0.7279079363914754,0.6560550928462742,0,1,1,0,0
1157,"""C""",0.3251826134586344,-0.4825227131867813,0,1,0,1,0
5399,"""A""",-1.1922941619544178,-1.6072535549252016,0,1,1,0,0
3103,"""C""",1.8171045311726886,1.4600723744702442,0,1,0,1,0
6803,"""C""",1.1677597863620788,0.23617940133153417,0,1,0,0,1
6804,"""C""",1.1677597863620788,0.23617940133153417,1,0,0,0,1
1133,"""C""",1.1562391537928582,0.226352523445019,0,1,1,0,0
1134,"""C""",1.1562391537928582,0.226352523445019,1,0,1,0,0
1917,"""D""",2.065950194667851,1.7253980774061544,0,1,0,1,0
2686,"""C""",0.2639137947950527,-0.5347838364923394,0,1,1,0,0
2687,"""C""",0.2639137947950527,-0.5347838364923394,1,0,1,0,0
13750,"""C""",2.100407359352156,1.0317098338716957,0,1,1,0,0
13751,"""C""",2.100407359352156,1.0317098338716957,1,0,1,0,0
4527,"""A""",-1.1628641823912274,-1.1989914463672524,0,1,1,0,0
11978,"""A""",-0.3317029090336469,-0.47805595051109256,0,1,0,1,0
11979,"""A""",-0.3317029090336469,-0.47805595051109256,1,0,0,1,0
10389,"""C""",0.6006304648863608,-0.2475709964455545,0,1,1,0,0
4217,"""A""",-0.9400970417118456,-1.0694553287722794,0,1,1,0,0
2831,"""A""",-0.4579062021782896,-0.04120656082873549,0,1,1,0,0
1215,"""C""",0.45557522753753915,-0.3713003225621321,0,1,1,0,0
13190,"""C""",0.024913035495405703,-0.45080869818939134,0,1,1,0,0
2809,"""A""",-0.9206166993675273,-1.0279144358883743,0,1,1,0,0
5433,"""C""",-0.14349766606192663,-0.630372557752078,0,1,1,0,0
9641,"""C""",1.922884884762804,0.880286579165848,0,1,1,0,0
9642,"""C""",1.922884884762804,0.880286579165848,1,0,1,0,0
6829,"""A""",-0.4643996496263957,-0.055053525123370535,0,1,0,1,0
9995,"""C""",-0.835259285331939,-1.4723573221194022,0,1,1,0,0
13071,"""A""",0.4053033763263951,1.799546337822587,0,1,1,0,0
9366,"""C""",1.3772258330751788,0.9910622935229283,0,1,0,0,1
1102,"""C""",1.3768069009817525,0.9906156172553594,0,1,1,0,0
12079,"""A""",-0.4855557203444188,1.6896639760006447,0,1,0,0,1
11121,"""C""",0.0332916773639297,-0.4418751728380139,0,1,1,0,0
11122,"""C""",0.0332916773639297,-0.4418751728380139,1,0,1,0,0
2843,"""C""",-0.8933861132948243,-1.5219383878195472,0,1,1,0,0
6936,"""D""",1.2122713212886125,0.27414688407488835,0,1,1,0,0
13576,"""A""",0.5703626211363179,0.8043516136791398,0,1,1,0,0
944,"""C""",-0.687271523329134,-1.2101583530564741,0,1,1,0,0
945,"""C""",-0.687271523329134,-1.2101583530564741,1,0,1,0,0
9427,"""C""",1.4731612824697784,1.0933511587962002,0,1,1,0,0
9428,"""C""",1.4731612824697784,1.0933511587962002,1,0,1,0,0
10076,"""A""",-1.0649388055528533,-1.3356743842433274,0,1,1,0,0
10077,"""A""",-1.0649388055528533,-1.3356743842433274,1,0,1,0,0
2746,"""C""",-1.1486204912147366,-1.6394142461901604,0,1,1,0,0
2392,"""C""",0.8510471237318717,0.43003690145642476,0,1,0,0,1
5701,"""A""",-0.38543095001555705,0.11334342775009432,0,1,1,0,0
13380,"""C""",-0.33390230252413444,-0.4811826843840747,0,1,1,0,0
2148,"""C""",0.44499719217852757,0.6261277829191597,0,1,0,0,1
12181,"""A""",-1.0092208371271685,-0.5437173618437168,0,1,1,0,0
3907,"""C""",-0.6512433632944808,-0.9323257146286357,0,1,1,0,0
9717,"""A""",-0.6954406991509449,0.7945247357926245,0,1,1,0,0
9718,"""A""",-0.6954406991509449,0.7945247357926245,1,0,1,0,0
9417,"""C""",0.34979487394742365,-0.46152892861104433,0,1,1,0,0
7723,"""C""",0.255011487809746,-0.5423773330410102,0,1,1,0,0
7724,"""C""",0.255011487809746,-0.5423773330410102,1,0,1,0,0
6691,"""C""",-1.0400123459939943,-1.5862597703494647,0,1,1,0,0
7980,"""B""",-0.7998595234374252,-1.1436035891887122,0,1,1,0,0
11685,"""C""",0.32193588973458137,-0.13411522448306093,0,1,1,0,0
6185,"""C""",-1.1472589619111013,-1.700608894847096,0,1,1,0,0
6186,"""C""",-1.1472589619111013,-1.700608894847096,1,0,1,0,0
7594,"""C""",-0.5775113148514697,-1.0931291709534297,0,1,1,0,0
9196,"""B""",-1.0606447515952346,-0.7630354092200331,0,1,1,0,0
25,"""B""",-1.0606447515952346,-0.7630354092200331,0,1,1,0,0
9663,"""A""",0.33073346369653156,1.6405295865680687,0,1,0,0,1
9664,"""A""",0.33073346369653156,1.6405295865680687,1,0,0,0,1
8615,"""C""",-0.677950284250401,-0.9702931973719898,0,1,0,0,1
5860,"""C""",0.5367433206388653,0.7565572530492704,0,1,1,0,0
2259,"""C""",2.132350931475904,1.058957086193397,0,1,0,0,1
6922,"""C""",0.704839823126128,0.27414688407488835,0,1,0,1,0
9721,"""A""",-1.1341673339915326,-1.6188671378819923,0,1,1,0,0
5333,"""A""",-0.6804638768109582,-0.9738666075125408,0,1,1,0,0
12738,"""C""",-0.5506996608721929,-1.064541889829022,0,1,1,0,0
12739,"""C""",-0.5506996608721929,-1.064541889829022,1,0,1,0,0
7765,"""A""",-0.3636464811573946,0.15979775957725703,0,1,1,0,0
655,"""A""",-0.5293341241074566,-0.19352316806972095,0,1,1,0,0
6469,"""C""",-0.7284316015082581,-1.3812353635353523,0,1,1,0,0
13480,"""C""",-0.31410776110974653,-0.45304207952723574,0,1,1,0,0
13955,"""C""",2.339722317721873,1.2358408881506704,0,1,0,0,1
13956,"""C""",2.339722317721873,1.2358408881506704,1,0,0,0,1
7678,"""C""",1.0349583127459734,0.6261277829191597,0,1,1,0,0
12303,"""C""",-1.1586748614569653,-1.6537078867523645,0,1,1,0,0
13608,"""C""",-0.2850967136399822,-0.7813491361903568,0,1,1,0,0
2451,"""A""",-0.9886931645492848,-0.4561688134002178,0,1,1,0,0
6987,"""A""",-1.0527897748434933,-1.3097671607243329,0,1,1,0,0
968,"""D""",0.5569567941466795,0.11647016162307641,0,1,1,0,0
12325,"""C""",0.3765017949033439,0.5287523565891455,0,1,1,0,0
8670,"""A""",0.033501143410642795,1.006695962887839,0,1,1,0,0
11371,"""C""",-0.5980389874293535,-1.1150163080643045,0,1,1,0,0
6946,"""C""",0.704839823126128,0.27414688407488835,0,1,0,1,0
5322,"""A""",-0.6786834154138969,0.8659929386036441,0,1,1,0,0
8030,"""C""",-0.4498417593798352,-1.1436035891887122,0,1,1,0,0
6359,"""C""",1.0865916932607527,0.16694457985835898,0,1,1,0,0
7010,"""C""",-0.2461360289513456,-0.9698465211044209,0,1,1,0,0
7011,"""C""",-0.2461360289513456,-0.9698465211044209,1,0,1,0,0
10543,"""C""",0.18515456123092713,0.2567265096397023,0,1,0,0,1
4918,"""B""",-0.12129426511033804,0.6766022011544423,0,1,1,0,0
1511,"""C""",-0.03195699618720092,-0.05192679125038843,0,1,0,0,1
8432,"""C""",-0.4803190691765913,-0.6893338250711691,0,1,1,0,0
8433,"""C""",-0.4803190691765913,-0.6893338250711691,1,0,1,0,0
5977,"""C""",1.8150098707055575,0.7882712680466604,0,1,1,0,0
810,"""C""",-0.43256081052600454,-1.1288632723589396,0,1,1,0,0
811,"""C""",-0.43256081052600454,-1.1288632723589396,1,0,1,0,0
6077,"""A""",-1.2253897973350878,-1.4656571781058692,0,1,1,0,0
6175,"""C""",-0.8602904779141546,-1.3946356515624185,0,1,1,0,0
5642,"""C""",0.09445576300415487,-0.37666043777295855,0,1,1,0,0
10282,"""C""",0.8372223646488072,0.415296584626652,0,1,0,0,1
4434,"""C""",2.55777647235021,2.2497960155320103,0,1,1,0,0
4435,"""C""",2.55777647235021,2.2497960155320103,1,0,1,0,0
13690,"""A""",-0.540435824583251,-0.21719701025087118,0,1,0,0,1
6299,"""D""",1.4765127392171882,1.096924568936751,0,1,1,0,0
8276,"""C""",-0.2396425815032395,-0.347179804113413,0,1,1,0,0
6115,"""B""",-0.7867678955178564,-0.742488300911865,0,1,0,0,1
2708,"""D""",-0.10767897207398655,-0.15957577173448664,0,1,1,0,0
11149,"""D""",-0.6966974954312235,-0.5504175058572499,0,1,0,1,0
12756,"""D""",0.9499150977804549,1.3439365449023375,0,1,1,0,0
9833,"""A""",-0.9504656110241441,-0.29313197573757943,0,1,1,0,0
9834,"""A""",-0.9504656110241441,-0.29313197573757943,1,0,1,0,0
2966,"""C""",0.42918250565168853,-0.019766099985429626,0,1,1,0,0
11545,"""C""",-0.4526695510104621,-0.030039654139513688,0,1,1,0,0
13852,"""C""",-0.7373339084935648,-1.0547150119425066,0,1,1,0,0
5050,"""C""",2.2166610152779267,1.1308719652719854,0,1,1,0,0
7727,"""B""",-0.6929271065903877,-0.5423773330410102,0,1,0,1,0
5395,"""C""",-0.504826596642024,-1.1905045972834438,0,1,1,0,0
10528,"""C""",0.19416160123959042,-0.27035148609156695,0,1,1,0,0
13971,"""A""",-0.1954452456467754,0.5184788024350615,0,1,1,0,0
10023,"""C""",-0.4582204012483593,-1.1507504094698142,0,1,1,0,0
5606,"""C""",2.1836701129206135,1.1027313604151463,0,1,1,0,0
389,"""C""",1.895654298690101,0.8570594132522666,0,1,0,0,1
603,"""C""",0.9703380373349821,0.06778244845806934,0,1,1,0,0
13231,"""C""",-0.7241375475506396,-1.035954608704614,0,1,1,0,0
12943,"""C""",2.3198230432841287,1.2188671899830532,0,1,0,1,0
4386,"""A""",-1.2024532652200033,-1.3678350755082862,0,1,1,0,0
11516,"""C""",0.32130749159444205,1.6204291545274694,0,1,1,0,0
11517,"""C""",0.32130749159444205,1.6204291545274694,1,0,1,0,0
2489,"""D""",1.2400255724780982,0.29782072625603856,0,1,0,0,1
12050,"""C""",-0.15564669677128642,-0.6433261695115753,0,1,1,0,0
12051,"""C""",-0.15564669677128642,-0.6433261695115753,1,0,1,0,0
12220,"""C""",-0.5451488106342958,-1.224898669886247,0,1,1,0,0
12221,"""C""",-0.5451488106342958,-1.224898669886247,1,0,1,0,0
3113,"""C""",-0.5451488106342958,-1.224898669886247,0,1,1,0,0
3114,"""C""",-0.5451488106342958,-1.224898669886247,1,0,1,0,0
13620,"""A""",-0.4669132421869529,1.7691723516279039,0,1,1,0,0
3038,"""C""",2.7475527106722786,2.4521403647407096,0,1,1,0,0
3906,"""A""",-0.9842943775683097,-0.4374084101623252,0,1,1,0,0
11105,"""D""",-0.4501559584499049,-0.9573395856124925,0,1,1,0,0
12810,"""A""",-0.2478117573250504,0.4068097355428434,0,1,0,1,0
10090,"""C""",-0.46974103381757976,-1.1605772873563294,0,1,1,0,0
3855,"""D""",0.6142457579227123,-0.2359574134887638,0,1,1,0,0
6042,"""A""",-0.36385594720410774,0.15935108330968814,0,1,1,0,0
9930,"""A""",-0.5079685873427204,-0.14796218877769596,0,1,1,0,0
6610,"""C""",1.7245205385254985,1.3613569193375235,0,1,1,0,0
5384,"""B""",-0.7446652201285234,-0.6527063711305217,0,1,0,0,1
3962,"""B""",-0.5000088775676227,1.6280226510761402,0,1,1,0,0
11004,"""C""",0.30109401808662795,-0.5030698214949494,0,1,0,0,1
11359,"""C""",0.10869945418064567,-0.36147344467561693,0,1,1,0,0
11360,"""C""",0.10869945418064567,-0.36147344467561693,1,0,1,0,0
8064,"""C""",1.2444243594590734,0.8494659167035958,0,1,1,0,0
11114,"""C""",-0.708218128000444,-1.2324921664349178,0,1,1,0,0
2606,"""A""",-0.7876057597047089,0.4014496203320169,0,1,0,0,1
11857,"""D""",-0.8060387718154617,-0.7835825175282012,0,1,1,0,0
1913,"""C""",0.37053201257202056,1.7253980774061544,0,1,1,0,0
6033,"""C""",0.9307489545062063,1.3166892925806362,0,1,0,0,1
6363,"""D""",-0.19628310983362782,0.5166920973647859,0,1,1,0,0
2592,"""C""",-0.7012010154355551,-1.0033472411720863,0,1,1,0,0
2593,"""C""",-0.7012010154355551,-1.0033472411720863,1,0,1,0,0
1311,"""C""",2.036206016034591,1.6936840624087643,0,1,1,0,0
12662,"""C""",2.349567221917389,2.027797910550281,0,1,1,0,0
6015,"""C""",0.24024413151647242,-0.22121709665899103,0,1,1,0,0
11873,"""C""",0.21248988032698668,0.2955873449181942,0,1,1,0,0
3326,"""C""",1.6013545030581957,1.230034096672275,0,1,0,0,1
383,"""C""",-0.7415232294278269,-0.6460062271169885,0,1,0,1,0
384,"""C""",-0.7415232294278269,-0.6460062271169885,1,0,0,1,0
3730,"""D""",0.8877036819066643,1.2554946439237007,0,1,0,0,1
11701,"""C""",1.6537210147364707,0.6506949776354477,0,1,1,0,0
2550,"""A""",-0.4388447919273975,1.8888815913363617,0,1,1,0,0
13590,"""C""",-0.025149349669025177,-0.7813491361903568,0,1,0,0,1
6257,"""C""",2.158534187315041,1.0812908995718404,0,1,1,0,0
5171,"""C""",0.10817578906386292,0.1472908240853286,0,1,0,1,0
5858,"""A""",-0.08861756182309445,0.7462836988951863,0,1,1,0,0
5859,"""A""",-0.08861756182309445,0.7462836988951863,1,0,1,0,0
8074,"""C""",-0.30813797877842314,0.2781669704830082,0,1,1,0,0
6039,"""C""",0.11665916395574347,0.15935108330968814,0,1,1,0,0
6040,"""C""",0.11665916395574347,0.15935108330968814,1,0,1,0,0
10702,"""C""",-0.5767781836879738,-0.8264634392148129,0,1,1,0,0
10703,"""C""",-0.5767781836879738,-0.8264634392148129,1,0,1,0,0
3324,"""C""",-0.7450841522219496,-0.6535997236656593,0,1,1,0,0
3325,"""C""",-0.7450841522219496,-0.6535997236656593,1,0,1,0,0
9403,"""C""",-0.18622873959139902,-0.675933537044103,0,1,1,0,0
4529,"""A""",-0.7266511401111968,-0.6142922121195986,0,1,0,0,1
4530,"""A""",-0.7266511401111968,-0.6142922121195986,1,0,0,0,1
12586,"""C""",0.7624429859722305,-0.10954802976677296,0,1,1,0,0
12890,"""C""",1.0106602513272538,0.600220559400165,0,1,0,0,1
2647,"""A""",-0.8581958174470236,0.10038981599059701,0,1,0,0,1
2648,"""A""",-0.8581958174470236,0.10038981599059701,1,0,0,0,1
6753,"""A""",-0.9375834491512884,-0.23819079482660815,0,1,1,0,0
861,"""A""",-0.6533380237616119,0.9740885953553112,0,1,1,0,0
2288,"""C""",0.09309423370051972,0.12585036324202273,0,1,1,0,0
2289,"""C""",0.09309423370051972,0.12585036324202273,1,0,1,0,0
2501,"""A""",-0.5726935957770684,1.3180293213833427,0,1,1,0,0
992,"""A""",-0.8616520072177897,0.08564949916082423,0,1,1,0,0
11596,"""A""",-0.5726935957770684,1.3180293213833427,0,1,1,0,0
1020,"""A""",0.3081111306515168,1.5922885496706305,0,1,1,0,0
124,"""D""",0.9907609768895094,1.4020044596862908,0,1,1,0,0
5253,"""A""",-0.5380269650460503,1.4658791659486397,0,1,1,0,0
5254,"""A""",-0.5380269650460503,1.4658791659486397,1,0,1,0,0
5873,"""A""",-0.6608788014432834,0.9419279040903524,0,1,1,0,0
4177,"""A""",-0.7360771122132863,0.6212143439759021,0,1,1,0,0
13285,"""A""",-0.7360771122132863,0.6212143439759021,0,1,1,0,0
2063,"""C""",-0.08599923623918071,-0.12875510927223446,0,1,1,0,0
798,"""A""",-1.2154401601162155,-1.4232229326868262,0,1,1,0,0
799,"""A""",-1.2154401601162155,-1.4232229326868262,1,0,1,0,0
11381,"""A""",-1.1225419683989557,-1.0270210833532365,0,1,1,0,0
6749,"""C""",0.6116274323387986,-0.23819079482660815,0,1,1,0,0
6750,"""C""",0.6116274323387986,-0.23819079482660815,1,0,1,0,0
2822,"""C""",-0.9032310174903401,-0.9908403056801579,0,1,1,0,0
631,"""C""",0.5112931959632236,0.06778244845806934,0,1,1,0,0
12840,"""C""",-0.8501313746485691,-1.2150717919997318,0,1,1,0,0
9755,"""C""",-0.6323914190903018,-1.151643762004952,0,1,1,0,0
3767,"""C""",1.4782932006142495,0.5010584279998754,0,1,1,0,0
3768,"""C""",1.4782932006142495,0.5010584279998754,1,0,1,0,0
3546,"""C""",3.0739008114512885,1.8620810152822294,0,1,1,0,0
12358,"""A""",-0.5251448031731947,1.5208203468596109,0,1,1,0,0
12359,"""A""",-0.5251448031731947,1.5208203468596109,1,0,1,0,0
1509,"""C""",0.2691504459628802,-0.19039643419673882,0,1,1,0,0
12378,"""C""",1.3914695242516695,1.00624928662027,0,1,1,0,0
9370,"""C""",0.014858665253176905,-0.46152892861104433,0,1,1,0,0
2823,"""D""",3.3985731838565933,2.1390203011749302,0,1,1,0,0
12729,"""C""",-1.0520566436799974,-0.7264079552793855,0,1,1,0,0
12730,"""C""",-1.0520566436799974,-0.7264079552793855,1,0,1,0,0
9987,"""D""",0.9478204373133239,0.048575368952607834,0,1,1,0,0
3606,"""C""",-1.108507743269178,-1.4285830478976527,0,1,1,0,0
9760,"""C""",0.011716674552480407,0.010161209941684816,0,1,1,0,0
6122,"""C""",1.4463496284905017,0.4738111756781742,0,1,1,0,0
12561,"""C""",-0.9382118472914277,-1.0654352423641595,0,1,1,0,0
2721,"""C""",-0.6920892424035353,-0.5405906279707346,0,1,1,0,0
4712,"""C""",-0.1566940270048519,0.6011139119353028,0,1,1,0,0
3649,"""C""",0.0332916773639297,-0.4418751728380139,0,1,1,0,0
8737,"""C""",0.0031285666372433104,-0.7572286177416377,0,1,1,0,0
8738,"""C""",0.0031285666372433104,-0.7572286177416377,1,0,1,0,0
4652,"""D""",1.3562792284038687,0.3969828576563282,0,1,1,0,0
2720,"""C""",2.304113089780646,1.205466901955987,0,1,1,0,0
9880,"""C""",0.07727954717368068,1.1000513028097332,0,1,1,0,0
6511,"""C""",0.055704544362231385,0.07269588740132693,0,1,1,0,0
4417,"""C""",1.0454316150816285,0.6372946896083815,0,1,1,0,0
5232,"""C""",-0.4509938226367573,-0.02646624399896271,0,1,1,0,0
2560,"""A""",-0.5184418896783755,1.5494076279840188,0,1,1,0,0
4968,"""D""",-0.44512877332879053,-0.013959308507034288,0,1,1,0,0
3616,"""C""",-0.8994606286495043,-1.2851999660080449,0,1,1,0,0
116,"""A""",-0.42700996028810734,1.9393560095716442,0,1,1,0,0
117,"""A""",-0.42700996028810734,1.9393560095716442,1,0,1,0,0
1501,"""C""",-1.0115249636410126,-1.5558857841547813,0,1,1,0,0
2470,"""C""",0.21406087567733492,0.29782072625603856,0,1,1,0,0
2471,"""C""",0.21406087567733492,0.29782072625603856,1,0,1,0,0
4754,"""C""",-0.3879445425761142,-0.5580110024059207,0,1,0,0,1
11686,"""A""",-0.3052054541244398,2.4588405087542426,0,1,1,0,0
11687,"""A""",-0.3052054541244398,2.4588405087542426,1,0,1,0,0
158,"""A""",-0.553003787386037,1.4020044596862908,0,1,0,1,0
159,"""A""",-0.553003787386037,1.4020044596862908,1,0,0,1,0
8200,"""A""",-1.1749084800772307,-1.2503592171376727,0,1,1,0,0
11713,"""A""",-1.1649588428583584,-1.2079249717186298,0,1,1,0,0
11714,"""A""",-1.1649588428583584,-1.2079249717186298,1,0,1,0,0
7435,"""D""",0.838898093022512,0.41708328969692743,0,1,1,0,0
11327,"""B""",-1.0678713302068366,-0.7938560716822852,0,1,1,0,0
10813,"""C""",-0.5544700497130287,-1.0685619762371417,0,1,1,0,0
9340,"""C""",3.831644235435927,2.5084215744543874,0,1,1,0,0
11050,"""C""",-0.9319278658900347,-1.4710172933166956,0,1,1,0,0
9546,"""C""",0.5990594695360125,-0.24891102524826111,0,1,0,0,1
4937,"""C""",-0.9595773840561639,-1.5004979269762413,0,1,1,0,0
12850,"""C""",-1.1205520409551812,-1.0185342342694281,0,1,1,0,0
12851,"""C""",-1.1205520409551812,-1.0185342342694281,1,0,1,0,0
3601,"""C""",-0.9648140352239913,-0.35432662439451496,0,1,1,0,0
3602,"""C""",-0.9648140352239913,-0.35432662439451496,1,0,1,0,0
11405,"""A""",-0.9794766584939084,-0.4168613018541571,0,1,1,0,0
11406,"""A""",-0.9794766584939084,-0.4168613018541571,1,0,1,0,0
4169,"""C""",-0.7256038098776313,-0.6120588307817543,0,1,0,0,1
4170,"""C""",-0.7256038098776313,-0.6120588307817543,1,0,0,0,1
1533,"""C""",-0.6722947009891473,-0.9622530245557501,0,1,0,1,0
11754,"""C""",-0.921873495647806,-1.4602970628950427,0,1,1,0,0
5526,"""C""",-0.7605846396787189,-1.2883266998810268,0,1,1,0,0
5527,"""C""",-0.7605846396787189,-1.2883266998810268,1,0,1,0,0
8089,"""C""",-0.2147161219443806,-0.7063075232387863,0,1,1,0,0
5801,"""C""",-0.808761830422732,-1.339694470651447,0,1,1,0,0
1852,"""C""",0.34288249440589136,-0.11178141110461731,0,1,1,0,0
11709,"""C""",0.6674501337878397,0.9423745803579212,0,1,1,0,0
11710,"""C""",0.6674501337878397,0.9423745803579212,1,0,1,0,0
9798,"""A""",-0.590707675794395,-0.3243993144674005,0,1,0,0,1
2267,"""C""",-0.9937203496703991,-1.4192028462787065,0,1,1,0,0
5574,"""A""",-1.0338330976159578,-0.6486862847224018,0,1,1,0,0
5364,"""C""",0.35733565162909525,0.5015051042674443,0,1,1,0,0
5365,"""C""",0.35733565162909525,0.5015051042674443,1,0,1,0,0
10075,"""C""",0.7585678641080381,1.0719106979528943,0,1,0,0,1
12750,"""A""",-0.5666190804223885,1.3439365449023375,0,1,1,0,0
11855,"""C""",-0.8060387718154617,-0.7835825175282012,0,1,1,0,0
8076,"""C""",-1.1244271628193736,-1.6050201735873573,0,1,1,0,0
8667,"""C""",-0.8896157244539885,-0.033613064280064664,0,1,0,1,0
1208,"""C""",0.3205743604309462,0.4492439809618863,0,1,1,0,0
1793,"""C""",-0.24875435453525935,-0.3601334158729103,0,1,0,0,1
6366,"""C""",-0.30007353597996883,-1.0158541766640148,0,1,1,0,0
2952,"""C""",1.2337415910767053,0.2924606110452121,0,1,1,0,0
9569,"""C""",-0.10244232090615904,0.7168030652356407,0,1,0,0,1
12133,"""C""",1.2986760655577663,0.34784846822375226,0,1,1,0,0
13172,"""C""",-1.113849127460362,-1.7099890964660422,0,1,1,0,0
12547,"""C""",1.3407787409470993,0.9522014582444365,0,1,1,0,0
6764,"""C""",0.22432471196627682,-0.23819079482660815,0,1,0,1,0
7796,"""C""",-0.007763667791837885,-0.017532718647585266,0,1,1,0,0
7797,"""C""",-0.007763667791837885,-0.017532718647585266,1,0,1,0,0
132,"""C""",0.09403683091072867,0.12719039204472934,0,1,1,0,0
11250,"""D""",1.0509824653195257,0.13657059366367566,0,1,1,0,0
7065,"""C""",0.22694303755019057,0.3161344532263623,0,1,1,0,0
4299,"""C""",0.20212131101468822,1.3662703582807811,0,1,1,0,0
9505,"""C""",-0.5002183436143358,-0.1314351668776477,0,1,1,0,0
5565,"""D""",-0.7427800257081055,-0.6486862847224018,0,1,1,0,0
458,"""C""",0.685987878921949,-0.17476276483182832,0,1,1,0,0
5203,"""B""",-0.8766288295577763,0.021774792898475493,0,1,1,0,0
7843,"""C""",-0.4087864142240677,2.017077680128628,0,1,1,0,0
370,"""C""",-0.34081468206566673,-0.4910095622705899,0,1,1,0,0
13556,"""C""",-0.9051162119107579,-0.9948603920882778,0,1,0,0,1
7787,"""C""",-1.2293696522226365,-1.7542100469553608,0,1,1,0,0
9775,"""A""",-0.4748729519620507,1.7352249552926695,0,1,1,0,0
9776,"""A""",-0.4748729519620507,1.7352249552926695,1,0,1,0,0
9202,"""A""",-1.0606447515952346,-0.7630354092200331,0,1,1,0,0
31,"""A""",-1.0606447515952346,-0.7630354092200331,0,1,1,0,0
13468,"""C""",-1.1615026530875923,-1.7506366368148096,0,1,1,0,0
13469,"""C""",-1.1615026530875923,-1.7506366368148096,1,0,1,0,0
11874,"""C""",1.1107850216561157,0.7069761873491256,0,1,0,0,1
11875,"""C""",1.1107850216561157,0.7069761873491256,1,0,0,0,1
2316,"""C""",-0.932556264030174,-1.0533749831398,0,1,1,0,0
11274,"""C""",-0.7174346340558204,-1.2423190443214331,0,1,1,0,0
11275,"""C""",-0.7174346340558204,-1.2423190443214331,1,0,1,0,0
2841,"""C""",0.06931983739858288,-0.40346101382709093,0,1,1,0,0
2581,"""C""",-1.124741361889443,-1.6054668498549263,0,1,1,0,0
11683,"""C""",0.6432568053924766,0.20848547274226412,0,1,0,0,1
215,"""A""",-1.085257012084024,-0.8680043320987181,0,1,0,0,1
9929,"""C""",-1.0119438957344389,-1.2226652885484026,0,1,1,0,0
9457,"""C""",2.079774953750916,1.7401383942359272,0,1,1,0,0
9458,"""C""",2.079774953750916,1.7401383942359272,1,0,1,0,0
4993,"""C""",0.5339155290082385,0.7525371666411506,0,1,1,0,0
4994,"""C""",0.5339155290082385,0.7525371666411506,1,0,1,0,0
6001,"""C""",-0.014152382216587434,-0.7719689345714106,0,1,0,0,1
8568,"""C""",0.7203403105828974,0.2906739059749366,0,1,1,0,0
3163,"""C""",-0.13490955814668953,0.6475682437624656,0,1,1,0,0
3164,"""C""",-0.13490955814668953,0.6475682437624656,1,0,1,0,0
3822,"""C""",-1.0629488781090788,-0.7728622871065483,0,1,1,0,0
4055,"""C""",-0.050075809227884065,0.8284721321278589,0,1,1,0,0
7325,"""C""",1.4798641959645977,0.5023984568025821,0,1,1,0,0
9872,"""C""",-0.05971124737668666,-0.5410373042383035,0,1,1,0,0
8764,"""C""",-0.6854910619320727,-1.3446079095947048,0,1,1,0,0
4132,"""C""",0.4840626098905207,0.03874849106609264,0,1,0,1,0
4133,"""C""",0.4840626098905207,0.03874849106609264,1,0,0,1,0
5376,"""C""",1.478816865731032,0.5015051042674443,0,1,1,0,0
3471,"""C""",1.0169442327286469,0.10753663627169897,0,1,1,0,0
8548,"""C""",0.3696941483851682,-0.08319412998020949,0,1,1,0,0
6473,"""C""",0.4455208572953103,-0.0023457255502436084,0,1,0,0,1
6474,"""C""",0.4455208572953103,-0.0023457255502436084,1,0,0,0,1
414,"""C""",2.7602254064984213,1.5945219310084748,0,1,0,0,1
415,"""C""",2.7602254064984213,1.5945219310084748,1,0,0,0,1
7339,"""D""",2.2356176925054623,1.9063019657715476,0,1,1,0,0
6408,"""C""",0.7743825506348772,0.34829514449132115,0,1,1,0,0
1608,"""A""",-1.1196094437449722,-1.0145141478613082,0,1,1,0,0
1609,"""A""",-1.1196094437449722,-1.0145141478613082,1,0,1,0,0
10355,"""D""",1.5871108118817048,1.2148471035749333,0,1,1,0,0
13261,"""A""",-0.9254344184419286,-0.18637634778861897,0,1,1,0,0
13262,"""A""",-0.9254344184419286,-0.18637634778861897,1,0,1,0,0
7348,"""D""",1.8246453088543602,1.468112547286484,0,1,0,0,1
10209,"""C""",-1.2496878587538072,-1.7296428522390728,0,1,1,0,0
4786,"""D""",-0.5865183548601329,-0.840310403509448,0,1,1,0,0
9450,"""C""",0.16274169423262544,-0.3038522061592324,0,1,1,0,0
9451,"""C""",0.16274169423262544,-0.3038522061592324,1,0,1,0,0
11379,"""C""",1.1646177956613823,0.23349934372612094,0,1,1,0,0
11380,"""C""",1.1646177956613823,0.23349934372612094,1,0,1,0,0
1662,"""C""",2.071396311882392,1.7312048688845496,0,1,1,0,0
13346,"""D""",2.04018587092214,0.9803420631012754,0,1,1,0,0
9456,"""C""",-0.9549691310284757,-0.31233905524304095,0,1,1,0,0
3929,"""A""",-0.730316795928676,0.64578153869219,0,1,1,0,0
568,"""D""",0.39273541352360913,1.7727457617684548,0,1,1,0,0
8392,"""C""",2.8267308763298304,2.5365621793112263,0,1,1,0,0
8393,"""C""",2.8267308763298304,2.5365621793112263,1,0,1,0,0
4024,"""A""",-1.156894400059904,-1.1735308991158266,0,1,1,0,0
4025,"""A""",-1.156894400059904,-1.1735308991158266,1,0,1,0,0
11911,"""C""",-1.048914652979301,-1.6546012392875022,0,1,1,0,0
12376,"""C""",0.7123806008077996,1.00624928662027,0,1,0,0,1
3608,"""C""",-0.5515375250590453,1.408257927432255,0,1,0,1,0
3609,"""C""",-0.5515375250590453,1.408257927432255,1,0,0,1,0
5978,"""C""",1.2054636747704368,0.8079250238196907,0,1,1,0,0
10828,"""C""",-0.6759603568066266,-0.5061965553679315,0,1,1,0,0
3800,"""C""",-0.18245835075056321,0.5461727310243315,0,1,1,0,0
3801,"""C""",-0.18245835075056321,0.5461727310243315,1,0,1,0,0
6422,"""C""",-0.5378174989993372,-0.7710755820362728,0,1,1,0,0
7959,"""C""",2.0846974058486736,1.0183095458446296,0,1,1,0,0
2205,"""C""",-0.07091768087583751,-0.10731464842892859,0,1,0,0,1
2291,"""B""",-0.8242623178795013,0.24511292668291162,0,1,1,0,0
8333,"""C""",-0.8944334435283898,-1.2780531457269428,0,1,1,0,0
11130,"""C""",1.484891381085712,1.1058580942881284,0,1,1,0,0
11131,"""C""",1.484891381085712,1.1058580942881284,1,0,1,0,0
7150,"""C""",0.2864313948167109,-0.5155767569868779,0,1,1,0,0
11329,"""C""",-0.25598093314686127,0.3893893611076574,0,1,1,0,0
5684,"""C""",-0.4767581463824686,-0.081407424909934,0,1,1,0,0
2759,"""C""",1.421632634978356,1.0384099778852287,0,1,0,0,1
7567,"""C""",-0.5624297594881265,-0.26409801834560276,0,1,1,0,0
7772,"""A""",-1.0231503292335897,-0.6031253054303768,0,1,1,0,0
11637,"""C""",1.945926149901245,0.8999403349388784,0,1,1,0,0
11638,"""C""",1.945926149901245,0.8999403349388784,1,0,1,0,0
13924,"""C""",1.1227245863187623,0.19776524232061116,0,1,1,0,0
7434,"""C""",0.838898093022512,0.41708328969692743,0,1,1,0,0
1985,"""C""",-0.7643550285195547,-0.6946939402819956,0,1,0,0,1
1986,"""C""",-0.7643550285195547,-0.6946939402819956,1,0,0,0,1
1197,"""C""",-0.37600497791346754,-1.0806222354615014,0,1,1,0,0
4861,"""C""",-0.5892414134674032,-1.1056361064453581,0,1,1,0,0
13405,"""C""",-0.8263569783466324,-1.3584548738893398,0,1,1,0,0
10714,"""A""",-0.7315735922089547,0.6404214234813635,0,1,1,0,0
4656,"""C""",-0.6710379047088688,-0.9604663194854747,0,1,1,0,0
403,"""C""",1.5690967318643783,1.1956400240694718,0,1,1,0,0
404,"""C""",1.5690967318643783,1.1956400240694718,1,0,1,0,0
1499,"""C""",-0.202986023328447,0.5023984568025821,0,1,0,1,0
9997,"""C""",0.598954736512656,0.844999154027907,0,1,1,0,0
10517,"""C""",-0.5128910394404783,1.573081470165169,0,1,1,0,0
9582,"""C""",-0.6481013725937843,-0.927858951952947,0,1,1,0,0
12643,"""C""",1.7134188380497042,0.7016160721382991,0,1,1,0,0
3072,"""C""",2.4174342210524333,2.100159465896438,0,1,1,0,0
3073,"""C""",2.4174342210524333,2.100159465896438,1,0,1,0,0
1300,"""C""",-0.8799802863051859,-1.2575060374187748,0,1,1,0,0
8661,"""C""",0.4550515624207564,-0.37174699882970097,0,1,1,0,0
10159,"""D""",-1.008906638057099,-0.5423773330410102,0,1,1,0,0
6196,"""C""",-0.826880643463415,0.23394601999368983,0,1,0,0,1
13640,"""C""",0.5367433206388653,-0.3020655010889569,0,1,1,0,0
5579,"""C""",-0.5609634971611348,-0.26097128447262063,0,1,0,1,0
5580,"""C""",-0.5609634971611348,-0.26097128447262063,1,0,0,1,0
11266,"""C""",-0.8689833188527482,-1.2418723680538641,0,1,1,0,0
11267,"""C""",-0.8689833188527482,-1.2418723680538641,1,0,1,0,0
3793,"""C""",0.8881226140000904,-0.0023457255502436084,0,1,1,0,0
5788,"""D""",2.737917272523476,2.4418668105866255,0,1,1,0,0
7862,"""C""",-0.6529190916681856,-0.4570621659353556,0,1,1,0,0
13090,"""C""",0.49338384896925364,0.694915928124766,0,1,1,0,0
4099,"""C""",-0.970260152438532,-0.3775537903080963,0,1,0,0,1
530,"""C""",-0.5892414134674032,-1.1056361064453581,0,1,1,0,0
3257,"""C""",0.6926907924167682,0.261193272315391,0,1,1,0,0
8502,"""C""",1.194990372434782,0.7967581171304688,0,1,1,0,0
9846,"""D""",2.8057842716585206,1.6333827662869667,0,1,1,0,0
8096,"""C""",-0.7588041782816576,-1.4071425870543468,0,1,1,0,0
12802,"""C""",0.37074147861873363,-0.4436618779082894,0,1,1,0,0
11598,"""C""",-0.5950017297520135,-0.8523706627338076,0,1,1,0,0
2503,"""C""",-0.5950017297520135,-0.8523706627338076,0,1,1,0,0
11976,"""C""",-0.31211783366597207,-1.026127730818099,0,1,1,0,0
11977,"""C""",-0.31211783366597207,-1.026127730818099,1,0,1,0,0
5618,"""C""",-0.39150546537023695,0.10038981599059701,0,1,1,0,0
5245,"""C""",1.5348490332267863,0.5492994648973136,0,1,1,0,0
12908,"""C""",-0.15711295909827813,0.600220559400165,0,1,1,0,0
3629,"""C""",2.0789370895640635,1.7392450417007894,0,1,0,1,0
13820,"""C""",0.034548473644208294,1.0089293442256833,0,1,1,0,0
12485,"""C""",-1.1319679405010452,-1.067221947434435,0,1,1,0,0
11123,"""C""",-0.8875210639868575,-0.9573395856124925,0,1,1,0,0
10273,"""C""",1.3777494981919616,0.415296584626652,0,1,1,0,0
10274,"""C""",1.3777494981919616,0.415296584626652,1,0,1,0,0
11304,"""C""",0.5519296090255651,-0.2891118893294596,0,1,1,0,0
7411,"""C""",-0.7348203159330077,-0.6317125865547847,0,1,1,0,0
7412,"""C""",-0.7348203159330077,-0.6317125865547847,1,0,1,0,0
4882,"""C""",-0.3986273109584823,-0.5731979955032623,0,1,0,0,1
10777,"""A""",-1.035613559013019,-0.6562797812710726,0,1,1,0,0
10778,"""A""",-1.035613559013019,-0.6562797812710726,1,0,1,0,0
2008,"""C""",0.33157132788338395,-0.12384167032897686,0,1,1,0,0
13803,"""A""",-0.5456724757510785,1.4332717984161119,0,1,1,0,0
5487,"""C""",-0.7897004201718398,-1.4334964868409104,0,1,1,0,0
1816,"""C""",0.12200054814692751,-0.6558331050035038,0,1,0,0,1
2739,"""C""",0.6844168835716008,0.9664950988066403,0,1,1,0,0
13694,"""A""",-0.9326609970535306,-0.21719701025087118,0,1,0,0,1
1282,"""C""",0.884980623299394,-0.005025783155656842,0,1,1,0,0
13417,"""C""",0.005746892221157059,-0.7549952364037934,0,1,0,0,1
6571,"""C""",-0.6380470023515555,-0.913565311390743,0,1,1,0,0
1755,"""C""",-0.4514127547301835,-0.9586796144151991,0,1,1,0,0
5143,"""C""",-0.9584253207992418,-0.32707937207281373,0,1,1,0,0
5144,"""C""",-0.9584253207992418,-0.32707937207281373,1,0,1,0,0
5727,"""C""",0.4623828740557149,-0.3654935310837368,0,1,1,0,0
272,"""C""",-0.37055886069892696,2.1801145177912664,0,1,1,0,0
6255,"""C""",-0.812008554146785,0.29737404998846967,0,1,1,0,0
6256,"""C""",-0.812008554146785,0.29737404998846967,1,0,1,0,0
2342,"""C""",-0.8393438732428445,-0.8546040440716519,0,1,1,0,0
7324,"""C""",-1.2799557025038502,-1.6983755135092515,0,1,1,0,0
13098,"""C""",-0.9258533505353548,-0.18816305285889448,0,1,1,0,0
10492,"""A""",-0.9509892761409268,-0.29536535707542383,0,1,1,0,0
10997,"""C""",3.620607193372479,2.328411038624132,0,1,1,0,0
10998,"""C""",3.620607193372479,2.328411038624132,1,0,1,0,0
9914,"""C""",-0.20539488286564767,-0.2984920909484059,0,1,1,0,0
533,"""D""",1.7982525869685095,1.4399719424296449,0,1,1,0,0
11286,"""C""",1.0509824653195257,0.13657059366367566,0,1,1,0,0
12382,"""A""",-0.6457972460799403,1.00624928662027,0,1,1,0,0
12383,"""A""",-0.6457972460799403,1.00624928662027,1,0,1,0,0
3291,"""C""",-0.7172251680091073,-1.026127730818099,0,1,1,0,0
13290,"""C""",-0.09699620369161845,-0.5807914920519333,0,1,1,0,0
13291,"""C""",-0.09699620369161845,-0.5807914920519333,1,0,1,0,0
2621,"""C""",-0.6388848665384079,-0.42713485600824114,0,1,1,0,0
4182,"""C""",-0.09699620369161845,-0.5807914920519333,0,1,1,0,0
4183,"""C""",-0.09699620369161845,-0.5807914920519333,1,0,1,0,0
1705,"""C""",-0.2297976773077238,0.44522389455376643,0,1,0,1,0
1706,"""C""",-0.2297976773077238,0.44522389455376643,1,0,0,1,0
5389,"""C""",-0.5726935957770684,-0.8206566477364177,0,1,0,0,1
5699,"""C""",0.14368028398173335,0.19776524232061116,0,1,1,0,0
2494,"""C""",1.0426038234510016,0.12942377338257371,0,1,1,0,0
376,"""C""",-0.5284962599206042,-1.0408680476478716,0,1,1,0,0
1051,"""C""",0.23301755290487047,-0.5611377362789028,0,1,1,0,0
12468,"""C""",-0.13470009209997644,0.6480149200300345,0,1,1,0,0
2522,"""C""",0.5480544871613727,0.7726375986817497,0,1,1,0,0
2523,"""C""",0.5480544871613727,0.7726375986817497,1,0,1,0,0
12616,"""C""",-0.9948724129273212,-0.4825227131867813,0,1,1,0,0
12328,"""C""",0.5783223309114157,0.1392506512690889,0,1,1,0,0
4474,"""D""",2.6984329227180566,1.5418141314353477,0,1,1,0,0
8356,"""C""",-0.10746950602727344,0.7060828348139878,0,1,0,0,1
6235,"""C""",-1.1297685470105576,-1.612613670136028,0,1,1,0,0
2190,"""C""",2.040395336968853,1.698150825084453,0,1,1,0,0
2191,"""C""",2.040395336968853,1.698150825084453,1,0,1,0,0
10746,"""C""",0.164941087723113,-0.6192056510628562,0,1,1,0,0
4114,"""C""",-0.6980590247348587,-0.9988804784963976,0,1,1,0,0
9362,"""C""",-1.2132407666257279,-1.41384273106788,0,1,1,0,0
11337,"""C""",-0.6080933576715822,-0.36147344467561693,0,1,1,0,0
13134,"""C""",0.4015329874855593,1.7915061650063475,0,1,1,0,0
7186,"""C""",-0.6378375363048424,-1.1574505534833472,0,1,1,0,0
11906,"""C""",-0.555098447853168,-0.7956427767525608,0,1,1,0,0
11907,"""C""",-0.555098447853168,-0.7956427767525608,1,0,1,0,0
426,"""C""",-0.9511987421876399,-0.29625870961056155,0,1,1,0,0
427,"""C""",-0.9511987421876399,-0.29625870961056155,1,0,1,0,0
8666,"""C""",-0.4543452793841669,-0.033613064280064664,0,1,0,0,1
7366,"""C""",-1.096149246513105,-1.5648193095061589,0,1,1,0,0
3284,"""C""",-0.5054549947821633,-0.725067926476679,0,1,0,0,1
3285,"""C""",-0.5054549947821633,-0.725067926476679,1,0,0,0,1
4768,"""C""",-0.7700106117808084,0.47649123328358745,0,1,1,0,0
5866,"""D""",1.6005166388713432,1.2291407441371371,0,1,1,0,0
10662,"""C""",0.7776292743589303,-0.09659441800727565,0,1,1,0,0
6275,"""A""",-0.6282020981560398,1.0812908995718404,0,1,0,0,1
1554,"""C""",-0.8665744593155476,0.06465571458508723,0,1,1,0,0
9555,"""C""",-0.9281574770491989,-0.19798993074540966,0,1,1,0,0
10987,"""C""",-0.6606693353965704,-0.4735891878354039,0,1,1,0,0
10988,"""C""",-0.6606693353965704,-0.4735891878354039,1,0,1,0,0
13246,"""C""",1.635288002625718,1.2662148743453536,0,1,1,0,0
3294,"""C""",0.04030878992881855,-0.7255146027442478,0,1,0,0,1
4710,"""C""",1.5955941867735854,0.6011139119353028,0,1,1,0,0
4711,"""C""",1.5955941867735854,0.6011139119353028,1,0,1,0,0
127,"""C""",1.7534268529719061,1.3921775817997757,0,1,1,0,0
13912,"""C""",1.445825963373719,0.4733644994106054,0,1,1,0,0
13089,"""C""",1.0312926569284941,1.4596256982026754,0,1,1,0,0
11768,"""C""",0.045964373190072245,0.058848923106691896,0,1,1,0,0
8510,"""D""",-0.7665544220100423,-1.0962559048264118,0,1,0,1,0
2153,"""C""",-0.9478472854402303,-1.0859823506723278,0,1,1,0,0
5468,"""C""",-0.6166814655868194,-0.8831913251960597,0,1,1,0,0
1681,"""C""",-0.2297976773077238,0.44522389455376643,0,1,1,0,0
2430,"""C""",1.213318651522178,0.2750402366100261,0,1,1,0,0
3984,"""C""",1.0847064988403348,1.5355606636893837,0,1,1,0,0
46,"""C""",-0.35840982998956716,-0.8595174830149095,0,1,0,0,1
9217,"""C""",-0.35840982998956716,-0.8595174830149095,0,1,0,0,1
5774,"""C""",0.5904713616207755,0.1522042630285862,0,1,1,0,0
5775,"""C""",0.5904713616207755,0.1522042630285862,1,0,1,0,0
939,"""C""",0.037480998298191695,0.04678866388233234,0,1,0,0,1
6729,"""C""",-0.09532047531791366,-0.8412037560445857,0,1,1,0,0
11609,"""C""",-0.9352793226374443,-1.0591817746181953,0,1,1,0,0
2514,"""C""",-0.9352793226374443,-1.0591817746181953,0,1,1,0,0
45,"""D""",1.4547282703590256,0.4809579959592762,0,1,1,0,0
11252,"""C""",-1.1849628503194594,-1.7408097589282945,0,1,1,0,0
13276,"""C""",-1.053103973913563,-1.6581746494280531,0,1,1,0,0
10654,"""C""",0.2953337018020177,-0.5079832604382071,0,1,1,0,0
4291,"""C""",0.20107398078112274,-0.5883849886006041,0,1,1,0,0
2590,"""C""",-1.121285172118677,-1.02166096814241,0,1,1,0,0
2591,"""C""",-1.121285172118677,-1.02166096814241,1,0,1,0,0
12599,"""C""",-0.3348448997343434,-0.4825227131867813,0,1,1,0,0
6892,"""C""",-0.4589535324118551,-0.6589598388764858,0,1,1,0,0
6893,"""C""",-0.4589535324118551,-0.6589598388764858,1,0,1,0,0
13095,"""C""",0.38770822840249475,-0.06398705047474798,0,1,1,0,0
8636,"""C""",-0.8929671812013982,-0.9689531685692832,0,1,1,0,0
7855,"""C""",-0.9889026305959979,-0.4570621659353556,0,1,1,0,0
11271,"""C""",0.10063501138219132,0.13657059366367566,0,1,1,0,0
6383,"""C""",0.16609315098003505,-0.3002787960186814,0,1,1,0,0
2277,"""C""",0.4995630973472901,2.0005506582285797,0,1,1,0,0
2083,"""C""",0.17866111378282104,1.3162426163130674,0,1,1,0,0
5563,"""C""",-0.7427800257081055,-0.6486862847224018,0,1,1,0,0
8777,"""C""",-0.8968423030655904,-0.06443372674231686,0,1,1,0,0
4722,"""C""",-0.4784338747561734,-0.6866537674657559,0,1,1,0,0
4956,"""C""",-0.005250075231280686,-0.013959308507034288,0,1,1,0,0
8506,"""C""",2.996922039284224,1.796419603949605,0,1,1,0,0
13923,"""C""",-0.9830375812880311,-1.1610239636238984,0,1,1,0,0
4672,"""C""",0.018629054094012703,0.9749819478904489,0,1,1,0,0
3517,"""C""",2.4931561969392186,1.36671703454835,0,1,1,0,0
2915,"""C""",-1.1682055665824114,-1.2217719360132648,0,1,1,0,0
13051,"""C""",0.8552364446661338,0.4345036641321135,0,1,1,0,0
11362,"""C""",0.3471765483635099,-0.4637623099488887,0,1,1,0,0
12308,"""C""",0.5144351866639202,0.7248432380518804,0,1,1,0,0
333,"""C""",0.07958367368752478,0.10664328373656122,0,1,1,0,0
1130,"""C""",-1.13060641119741,-1.7242827370282463,0,1,1,0,0
1594,"""C""",0.2944958376151653,0.41216985075366985,0,1,1,0,0
